masp;admissao;nome_servidor;cpf;situacao_funcional;carreira
12421038;3;Douglas Oliveira;4482546623;1;1
10862910;3;Luiza Gomes;4482546624;1;1
14755532;3;Kauan Araujo;4482546625;1;1
14892590;2;Manuela Castro;4482546626;1;1
13209564;3;Aline Alves;4482546627;1;1
12939666;2;Mateus Silva;4482546628;1;1
14925960;1;Samuel Azevedo;4482546629;1;1
15275795;1;Bruno Sousa;4482546630;1;1
14900294;2;Bianca Araujo;4482546631;1;1
14700553;1;Nicolash Santos;4482546632;1;1
14716096;2;Murilo Almeida;4482546633;1;1
14581060;2;Júlio Castro;4482546634;1;1
13802319;2;Lara Pereira;4482546635;1;1
14691224;2;Lavinia Ribeiro;4482546636;1;1
14970727;1;Alex Alves;4482546637;1;1
13411962;3;Gabrielle Souza;4482546638;1;1
13017934;2;Clara Alves;4482546639;1;1
15067861;1;Alice Araujo;4482546640;1;1
14540132;2;Vitória Barros;4482546641;1;1
12940474;3;Ryan Ferreira;4482546642;1;1
12423851;3;Erick Barbosa;4482546643;1;1
14774616;1;Maria Santos;4482546644;1;1
13011838;3;Davi Correia;4482546645;1;1
12108577;4;Mateus Cunha;4482546646;1;1
14759526;1;Brenda Rodrigues;4482546647;1;1
14709752;2;Danilo Correia;4482546648;1;1
14834840;1;Raissa Ferreira;4482546649;1;1
12703609;4;Vitoria Ferreira;4482546650;1;1
14329759;1;Alex Dias;4482546651;1;1
14329759;2;Julia Ribeiro;4482546652;1;1
12714325;3;Isabelle Costa;4482546653;1;1
14581102;3;Aline Sousa;4482546654;1;1
13802459;2;Tiago Goncalves;4482546655;1;2
15287162;1;Felipe Rocha;4482546656;1;2
10910214;2;Julia Almeida;4482546657;1;2
13433362;3;Gabriela Rodrigues;4482546658;1;2
15074404;1;Fábio Rocha;4482546659;1;2
14566285;1;Fábio Pereira;4482546660;1;2
14970750;1;Matilde Sousa;4482546661;1;2
12700696;5;Cauã Araujo;4482546662;1;2
15288608;1;Vinícius Cardoso;4482546663;1;2
11837689;5;Kai Azevedo;4482546664;1;2
13802509;3;Lavinia Santos;4482546665;1;2
13991443;4;Isabela Silva;4482546666;1;2
13840962;2;Beatriz Castro;4482546667;1;2
15067028;1;Diego Silva;4482546668;1;2
14905772;2;Nicolash Goncalves;4482546669;1;2
15141799;1;Brenda Melo;4482546670;1;2
14722037;3;Nicole Costa;4482546671;1;2
14126916;5;Vitor Araujo;4482546672;1;2
14790513;4;Eduardo Costa;4482546673;1;2
14880413;1;Lara Lima;4482546674;1;2
13187430;1;Gustavo Ribeiro;4482546675;1;2
15104193;1;Otávio Almeida;4482546676;1;2
15196769;1;Eduarda Oliveira;4482546677;1;2
13803945;5;Alex Rocha;4482546678;1;2
14904015;2;Bianca Barbosa;4482546679;1;2
14874309;1;Miguel Pereira;4482546680;1;2
14566483;2;Erick Sousa;4482546681;1;2
13704655;3;Cauã Barbosa;4482546682;1;2
10860815;2;Sofia Cunha;4482546683;1;2
13312087;2;Guilherme Goncalves;4482546684;1;2
15119209;2;Larissa Oliveira;4482546685;1;2
15119209;1;Gabriel Sousa;4482546686;1;3
11591807;3;Renan Dias;4482546687;1;3
14555882;2;Joao Goncalves;4482546688;1;3
14590384;3;Mariana Cardoso;4482546689;1;3
14841225;2;Kauê Oliveira;4482546690;1;3
15289390;1;Diogo Gomes;4482546691;1;3
11553542;4;Breno Barbosa;4482546692;1;3
15180953;1;Alex Almeida;4482546693;1;3
15072499;1;Douglas Rodrigues;4482546694;1;3
15189210;1;Leonor Goncalves;4482546695;1;3
14137947;4;Júlia Cardoso;4482546696;1;3
14354922;2;Martim Alves;4482546697;1;3
14952154;1;Sophia Cunha;4482546698;1;3
14555908;1;Pedro Sousa;4482546699;1;3
15072424;1;Kauã Fernandes;4482546700;1;3
12414025;1;Marina Ribeiro;4482546701;1;3
14512479;2;Júlia Melo;4482546702;1;3
14612832;5;Mariana Carvalho;4482546703;1;3
14612832;4;Diogo Pinto;4482546704;1;3
11648870;5;Camila Fernandes;4482546705;1;3
12017299;3;Kauan Sousa;4482546706;1;3
13111174;2;Lara Melo;4482546707;1;3
10915619;5;Davi Cardoso;4482546708;1;3
10915619;3;Kai Gomes;4482546709;1;3
14916381;2;Melissa Cavalcanti;4482546710;1;3
15062771;1;Marina Cavalcanti;4482546711;1;3
10475283;5;Yasmin Santos;4482546712;1;3
14666721;1;Isabela Gomes;4482546713;1;3
14937676;2;Isabelle Goncalves;4482546714;1;3
14937676;1;Lavinia Martins;4482546715;1;3
14637391;1;Lara Ferreira;4482546716;1;3
15074107;1;Luana Rocha;4482546717;1;3
14900096;2;Rebeca Santos;4482546718;1;3
14612774;1;Ana Rodrigues;4482546719;1;3
13642400;2;Ana Melo;4482546720;1;3
14899876;2;Breno Pinto;4482546721;1;3
13006028;2;Leonardo Melo;4482546722;1;3
15070394;1;Vitór Pinto;4482546723;1;3
15071244;1;Nicolash Costa;4482546724;1;3
13802699;2;Paulo Sousa;4482546725;1;3
15100050;1;Mateus Melo;4482546726;1;3
12845970;4;Vinícius Cardoso;4482546727;1;3
14888762;3;Caio Goncalves;4482546728;1;3
14956676;2;Kauan Costa;4482546729;1;3
13648860;2;Julian Souza;4482546730;1;4
15067838;1;Lavinia Gomes;4482546731;1;4
15118920;1;Manuela Carvalho;4482546732;1;4
14892731;2;Giovana Sousa;4482546733;1;4
14912935;4;Letícia Costa;4482546734;1;4
14912935;3;Miguel Pereira;4482546735;1;4
14255103;2;Sarah Santos;4482546736;1;4
15287204;1;Eduardo Pereira;4482546737;1;4
14581433;5;Pedro Barros;4482546738;1;4
14581433;4;Kai Rodrigues;4482546739;1;4
13802848;2;Sarah Carvalho;4482546740;1;4
14831127;2;Murilo Barbosa;4482546741;1;4
13194097;2;Yasmin Pereira;4482546742;1;4
14354930;1;Eduarda Goncalves;4482546743;1;4
14963540;1;Julian Martins;4482546744;1;4
14897110;3;Amanda Oliveira;4482546745;1;4
14897110;2;Beatriz Sousa;4482546746;1;4
14580021;2;Marina Fernandes;4482546747;1;4
14901581;2;Rodrigo Araujo;4482546748;1;4
15062797;1;Fábio Martins;4482546749;1;4
14774475;2;Sophia Gomes;4482546750;1;4
15070956;1;Matilde Martins;4482546751;1;4
14722482;2;Rafael Melo;4482546752;1;4
14722482;1;Matilde Castro;4482546753;1;4
14904122;2;Rafael Sousa;4482546754;1;4
14052583;3;André Carvalho;4482546755;1;4
13640107;3;Beatrice Souza;4482546756;1;4
14010326;2;Antônio Barros;4482546757;1;4
14904155;1;Laura Costa;4482546758;1;4
14716138;1;Livia Santos;4482546759;1;4
14759591;2;Vitór Gomes;4482546760;1;4
14637367;3;Leonardo Costa;4482546761;1;4
14755060;4;Clara Gomes;4482546762;1;4
14909337;2;Leila Martins;4482546763;1;4
14755383;4;Julia Lima;4482546764;1;4
14755383;3;Nicolash Ribeiro;4482546765;1;4
14755342;2;Giovana Rodrigues;4482546766;1;4
14130231;3;Igor Sousa;4482546767;1;4
14130231;4;Pedro Cunha;4482546768;1;4
14812846;1;Gustavo Rocha;4482546769;1;4
14812846;2;Victor Sousa;4482546770;1;4
14566913;3;Arthur Almeida;4482546771;1;4
14540314;3;Vitor Pinto;4482546772;1;4
12155057;2;Kauan Melo;4482546773;1;4
13802194;3;Igor Castro;4482546774;1;4
14801534;1;Luís Sousa;4482546775;1;4
14956809;2;Giovanna Martins;4482546776;1;4
14956809;1;Bruno Carvalho;4482546777;1;4
13797709;2;Gabrielly Castro;4482546778;1;4
14963557;1;Evelyn Pereira;4482546779;1;4
14716120;2;Kaua Ferreira;4482546780;1;4
14879043;3;Kauê Alves;4482546781;1;4
14879043;1;Yasmin Goncalves;4482546782;1;4
15077407;1;Emily Souza;4482546783;1;4
15157332;1;Isabela Dias;4482546784;1;4
15189319;1;Lara Almeida;4482546785;1;4
14722003;3;Luana Pereira;4482546786;1;4
11589371;3;Danilo Almeida;4482546787;0;4
12652616;2;Arthur Souza;4482546788;1;4
14901995;2;Gustavo Barbosa;4482546789;1;4
12767695;3;Rafaela Silva;4482546790;1;4
14660971;1;Gabrielle Souza;4482546791;1;4
14812911;2;Nicole Barros;4482546792;1;4
15067598;1;Kauã Ferreira;4482546793;1;4
13699756;3;Murilo Cunha;4482546794;1;4
14273460;1;Ágatha Goncalves;4482546795;1;4
14834832;1;Manuela Barros;4482546796;1;4
14624563;4;Luis Lima;4482546797;1;4
13487541;2;Bruno Costa;4482546798;1;4
14878649;1;Ágatha Costa;4482546799;1;4
14878664;1;Erick Araujo;4482546800;1;4
14612352;2;Otávio Santos;4482546801;1;4
14612733;2;Laura Barbosa;4482546802;1;4
14612733;3;Gabriel Pereira;4482546803;1;4
13850102;4;Gabriela Lima;4482546804;1;4
15192230;1;Carlos Dias;4482546805;1;4
14934392;1;Kaua Ribeiro;4482546806;1;4
14909394;2;Joao Castro;4482546807;1;4
14580013;2;Kauã Dias;4482546808;1;4
14575690;2;Alice Fernandes;4482546809;1;4
11244415;2;Gabrielle Rocha;4482546810;1;4
14660948;4;Beatriz Correia;4482546811;1;4
14660948;2;Kauê Cardoso;4482546812;1;4
14962724;1;Isabelle Oliveira;4482546813;1;4
14932461;1;Kauã Ferreira;4482546814;1;4
14053490;2;Leonor Cardoso;4482546815;1;4
14666770;1;Giovana Oliveira;4482546816;1;4
14887319;1;Leonardo Correia;4482546817;1;4
14905053;3;Alice Fernandes;4482546818;1;4
15122393;1;Eduardo Azevedo;4482546819;1;4
14882070;1;Gabrielle Cavalcanti;4482546820;1;4
15070071;1;Bruno Pinto;4482546821;1;4
15117724;1;Júlio Correia;4482546822;1;4
14590244;2;Manuela Barbosa;4482546823;1;4
15226251;1;Yasmin Almeida;4482546824;1;4
13237151;2;Otávio Fernandes;4482546825;1;4
12969218;2;Kauã Ribeiro;4482546826;1;4
12946679;1;Bianca Rocha;4482546827;0;4
13794417;2;Tânia Gomes;4482546828;1;4
14425912;4;Vitor Rodrigues;4482546829;1;4
14934160;1;Luiz Souza;4482546830;1;4
15348998;1;Daniel Correia;4482546831;1;4
90019619;9;Kai Ribeiro;4482546832;0;4
14880652;1;Yasmin Ribeiro;4482546833;1;4
14934319;1;Paulo Cunha;4482546834;1;4
14801351;1;Tiago Lima;4482546835;1;4
14879068;3;Gabriel Almeida;4482546836;1;4
14879068;1;Eduardo Pinto;4482546837;1;4
14576813;2;Carolina Oliveira;4482546838;1;4
14884357;1;Ryan Oliveira;4482546839;1;4
13803291;3;Sophia Castro;4482546840;1;5
15086598;1;Tânia Fernandes;4482546841;1;5
14882153;1;Carolina Silva;4482546842;1;5
15119233;1;Arthur Cunha;4482546843;1;5
15074867;1;Isabelle Ribeiro;4482546844;1;5
14882856;4;Luan Oliveira;4482546845;1;5
12826921;1;Enzo Castro;4482546846;1;5
13310198;5;Evelyn Ribeiro;4482546847;1;5
13310198;3;Letícia Cavalcanti;4482546848;1;5
14540413;1;Carlos Goncalves;4482546849;1;5
14946925;1;Vitor Correia;4482546850;1;5
14156541;3;André Pinto;4482546851;1;5
14370829;2;Anna Santos;4482546852;1;5
14963573;1;Kauan Souza;4482546853;1;5
14911671;3;Antônio Cardoso;4482546854;1;5
12696589;3;Antônio Barbosa;4482546855;1;5
13800180;4;Luan Araujo;4482546856;1;5
13800180;3;Giovanna Gomes;4482546857;1;5
14540454;3;Matheus Martins;4482546858;1;5
14540454;2;Bruno Sousa;4482546859;1;5
14912836;3;Bianca Alves;4482546860;1;5
14649362;2;Aline Silva;4482546861;1;5
14963870;1;Vinícius Fernandes;4482546862;1;5
14539365;4;Otávio Lima;4482546863;1;5
14539365;2;Kauã Fernandes;4482546864;1;5
14722045;3;Evelyn Costa;4482546865;1;5
11433604;3;Brenda Pereira;4482546866;1;5
11251568;5;Estevan Castro;4482546867;1;5
14956668;1;Daniel Cavalcanti;4482546868;1;5
12125068;3;Fábio Souza;4482546869;1;5
15350796;1;Tânia Melo;4482546870;1;5
15289812;1;Pedro Pinto;4482546871;1;5
14939243;1;Beatriz Azevedo;4482546872;1;5
15070154;1;Carla Cavalcanti;4482546873;1;5
14478630;2;Pedro Dias;4482546874;1;5
14478630;1;Matilde Dias;4482546875;1;5
14900526;2;Murilo Lima;4482546876;1;5
14900526;3;Giovana Pereira;4482546877;1;5
10915221;3;Eduarda Souza;4482546878;1;6
11859006;3;Fernanda Pereira;4482546879;1;6
14625800;2;Leonor Pereira;4482546880;1;6
13843693;2;Murilo Fernandes;4482546881;1;6
14947220;1;Kauã Goncalves;4482546882;1;6
15071152;1;Rafael Cavalcanti;4482546883;1;6
13162524;5;Leonor Correia;4482546884;1;6
14612691;1;Gabriel Silva;4482546885;1;6
14893028;1;Bruna Rodrigues;4482546886;1;6
14625826;2;Davi Correia;4482546887;1;6
14666739;2;Miguel Santos;4482546888;1;6
15173297;1;Amanda Barbosa;4482546889;1;6
14883169;2;Otávio Melo;4482546890;1;6
14883169;1;Alice Rocha;4482546891;1;6
11217767;6;Julian Sousa;4482546892;1;6
11814480;4;Victor Melo;4482546893;1;6
15289457;1;Matilde Dias;4482546894;1;6
14762256;2;Kauê Rodrigues;4482546895;1;6
13891585;2;Martim Ribeiro;4482546896;1;6
15245327;1;Paulo Silva;4482546897;1;6
14755672;2;Sarah Dias;4482546898;1;6
15336811;1;Thiago Martins;4482546899;1;6
12760195;3;Rafael Barros;4482546900;1;6
15067168;1;Ryan Barbosa;4482546901;1;6
10840379;4;Lara Castro;4482546902;1;6
12087979;3;Nicole Oliveira;4482546903;1;6
15264138;1;Giovana Dias;4482546904;1;6
14412779;2;Brenda Martins;4482546905;1;6
13804695;3;Vitoria Carvalho;4482546906;1;6
15123631;1;Ryan Sousa;4482546907;1;6
14625743;1;Ryan Lima;4482546908;1;6
10906790;2;Bruno Almeida;4482546909;1;6
15200488;1;Luan Lima;4482546910;1;6
14963888;2;Júlia Araujo;4482546911;1;6
11863479;4;Pedro Santos;4482546912;1;6
14512693;2;José Gomes;4482546913;1;6
13613526;3;Douglas Alves;4482546914;1;6
15070097;1;Breno Cunha;4482546915;1;6
14939235;1;Matilde Costa;4482546916;1;6
14051767;1;Eduardo Almeida;4482546917;1;6
14041727;3;Manuela Santos;4482546918;1;6
10095115;2;Leila Castro;4482546919;1;6
14612915;1;Gustavo Pinto;4482546920;1;6
14934327;1;Isabela Lima;4482546921;1;6
14888341;1;Breno Lima;4482546922;1;6
15130842;1;Igor Castro;4482546923;1;6
14666309;3;Antônio Silva;4482546924;1;6
13800198;3;Nicole Barbosa;4482546925;1;6
14915078;1;Vitoria Goncalves;4482546926;1;6
10427177;5;Ana Barros;4482546927;1;6
12698429;4;Renan Santos;4482546928;1;6
3408614;3;Leonardo Souza;4482546929;1;6
10873131;5;Gustavo Cardoso;4482546930;1;6
13804901;2;Gustavo Lima;4482546931;1;6
10890051;5;Luana Ferreira;4482546932;1;6
10890051;4;Vitor Costa;4482546933;1;6
13764071;2;Diego Oliveira;4482546934;1;6
10897445;2;Cauã Melo;4482546935;1;6
10899771;5;Bruno Rocha;4482546936;1;6
10899771;4;Livia Sousa;4482546937;1;6
14540579;3;Julian Alves;4482546938;1;6
15275464;1;Evelyn Souza;4482546939;1;6
10917474;3;Vitór Lima;4482546940;1;6
10917474;2;Matheus Martins;4482546941;1;6
14823181;3;Beatriz Ribeiro;4482546942;1;6
14879241;1;Eduardo Martins;4482546943;1;6
14625693;1;Daniel Cavalcanti;4482546944;1;6
13953948;2;Lavinia Goncalves;4482546945;1;6
15030802;1;Leila Oliveira;4482546946;1;6
14649420;1;Matheus Ferreira;4482546947;1;6
14953814;1;Anna Alves;4482546948;1;6
15119365;2;Mariana Gomes;4482546949;1;6
15119365;1;Vitor Alves;4482546950;1;6
14937692;2;Guilherme Melo;4482546951;1;6
14937692;1;Gabriela Alves;4482546952;1;6
15286826;1;Beatrice Souza;4482546953;1;6
14774582;3;Emily Dias;4482546954;1;6
15125388;1;Lucas Cardoso;4482546955;1;6
15264799;1;Gabrielly Barbosa;4482546956;1;6
14666366;3;Vitor Barros;4482546957;1;6
13445317;2;Camila Costa;4482546958;1;6
14881320;1;Amanda Martins;4482546959;1;6
11081841;5;Rodrigo Araujo;4482546960;1;6
11272895;6;Luis Carvalho;4482546961;1;6
15067796;1;Julieta Cunha;4482546962;1;6
14937700;1;Julieta Silva;4482546963;1;6
15264245;1;Ana Cunha;4482546964;1;6
14915359;1;Rafael Goncalves;4482546965;1;6
14581045;2;Carlos Barros;4482546966;1;6
14612329;4;Vitória Castro;4482546967;1;6
14612329;3;Julieta Cunha;4482546968;1;6
11618691;4;Marisa Ferreira;4482546969;1;7
15127939;1;Bruno Lima;4482546970;1;7
13295761;2;Kauan Carvalho;4482546971;1;7
15233372;1;Luiza Santos;4482546972;1;7
15175672;1;Sarah Goncalves;4482546973;1;7
10892107;3;Carolina Correia;4482546974;1;7
14649396;2;Rafaela Pereira;4482546975;1;7
11048717;2;Giovana Azevedo;4482546976;1;7
14660690;2;Daniel Santos;4482546977;1;7
15122302;1;Guilherme Pinto;4482546978;1;7
14887756;1;Eduarda Azevedo;4482546979;1;7
14354963;3;Luís Ribeiro;4482546980;1;7
14569404;2;Luana Lima;4482546981;1;7
12081899;2;Gabrielle Fernandes;4482546982;1;7
14911234;2;Giovana Sousa;4482546983;1;7
14911234;3;Antônio Cunha;4482546984;1;7
14909071;3;Lavinia Barbosa;4482546985;1;7
14850101;1;Julian Goncalves;4482546986;1;7
15291354;1;Tiago Barros;4482546987;1;7
11589900;2;Davi Alves;4482546988;1;7
15349962;1;Giovanna Barros;4482546989;1;7
14909329;2;Gabriela Souza;4482546990;1;7
14929541;1;Enzo Lima;4482546991;1;7
14540652;1;Vitór Gomes;4482546992;1;7
14882815;3;Vitoria Fernandes;4482546993;1;7
14934061;1;Gabrielly Ferreira;4482546994;1;7
14678817;2;Livia Correia;4482546995;1;7
11837697;4;Victor Melo;4482546996;1;7
14624027;2;Murilo Pereira;4482546997;1;7
14624597;2;Luan Silva;4482546998;1;7
15102254;1;Isabella Gomes;4482546999;1;7
15085624;1;Davi Rodrigues;4482547000;1;7
14913438;1;Luís Lima;4482547001;1;7
14556369;1;Brenda Cavalcanti;4482547002;1;7
14905806;3;Luiza Lima;4482547003;1;7
15291248;1;Fernanda Oliveira;4482547004;1;7
13871348;4;Tânia Barbosa;4482547005;1;7
12428280;1;Raissa Cardoso;4482547006;0;7
14644090;1;Raissa Melo;4482547007;1;7
13655436;2;Enzo Silva;4482547008;1;7
14948913;1;Murilo Castro;4482547009;1;7
15018450;1;Leila Correia;4482547010;1;7
11250289;4;Rebeca Pereira;4482547011;1;7
14141147;5;Sarah Fernandes;4482547012;1;7
14755698;2;Vinicius Gomes;4482547013;1;7
15118789;1;Isabelle Ribeiro;4482547014;1;7
14884076;1;Pedro Lima;4482547015;1;7
14612840;2;Davi Almeida;4482547016;1;7
15285257;1;Sarah Costa;4482547017;1;7
15118482;1;Emilly Cavalcanti;4482547018;1;7
14896344;2;Vinícius Fernandes;4482547019;1;7
13441613;1;Julieta Goncalves;4482547020;1;7
15122856;1;Kai Dias;4482547021;1;7
14590442;1;Manuela Cardoso;4482547022;1;7
15198690;1;Ryan Pinto;4482547023;1;7
14963896;1;Sarah Martins;4482547024;1;7
12993267;3;Ryan Cavalcanti;4482547025;1;7
14413512;4;Vitória Rocha;4482547026;1;7
15089683;1;Emily Pinto;4482549003;1;8
14330724;2;Yasmin Costa;4482549004;1;8
14955538;1;Letícia Almeida;4482549005;1;8
14881809;3;Marina Rocha;4482549006;1;8
13759006;2;Emilly Cunha;4482549007;1;8
12174769;4;Vitória Martins;4482549008;1;8
14661383;3;Vitor Melo;4482549009;1;8
14889018;1;Danilo Castro;4482549010;1;8
14421432;2;Vinícius Araujo;4482549011;1;8
13819941;2;Rebeca Barros;4482549012;1;8
15074214;1;Rodrigo Castro;4482549013;1;8
12594974;1;Bruna Cardoso;4482549014;1;8
10728335;5;Tiago Martins;4482549015;1;8
14912893;2;Marina Gomes;4482549016;1;8
13102355;4;Lavinia Fernandes;4482549017;1;8
15072010;1;Eduardo Barros;4482549018;1;8
14662910;2;Bianca Ribeiro;4482549019;1;8
13805189;1;Beatriz Rocha;4482549020;1;8
14926893;1;Thiago Oliveira;4482549021;1;8
10860054;3;Estevan Sousa;4482549022;1;8
14569123;4;Felipe Santos;4482549023;1;8
14915326;2;Marina Ribeiro;4482549024;1;8
15329097;1;Davi Gomes;4482549025;1;8
15292279;1;Thiago Dias;4482549026;1;8
10900843;3;Carla Cardoso;4482549027;1;8
11996113;3;Estevan Fernandes;4482549028;1;8
15288491;1;Douglas Rocha;4482549029;1;8
14616270;2;Marcos Alves;4482549030;1;8
14963524;1;Rodrigo Azevedo;4482549031;1;8
14616205;2;Aline Costa;4482549032;1;8
15102270;1;Raissa Araujo;4482549033;1;8
14614853;1;Anna Barros;4482549034;1;8
14846794;2;Pedro Barbosa;4482549035;1;8
14927560;1;Guilherme Dias;4482549036;1;8
15069388;1;Marisa Carvalho;4482549037;1;8
14558514;2;Victor Castro;4482549038;1;8
12734588;3;Yasmin Correia;4482549039;1;8
15000029;1;Lucas Pereira;4482549040;1;8
14701718;1;Julian Lima;4482549041;1;8
14459697;1;Mariana Rodrigues;4482549042;1;8
14691588;2;Thiago Melo;4482549043;1;8
12714614;3;Breno Fernandes;4482549044;1;8
14247522;2;Gabrielly Souza;4482549045;1;8
15124886;1;Breno Ferreira;4482549046;1;8
14932420;1;Vinícius Gomes;4482549047;1;8
14615322;2;Felipe Castro;4482549048;1;8
14925432;1;Luan Carvalho;4482549049;1;8
14615264;4;Amanda Pinto;4482549050;1;8
15118540;1;Amanda Lima;4482549051;1;8
14834519;1;Luiza Santos;4482549052;1;8
14638985;2;Carlos Ferreira;4482549053;1;8
14834485;2;Júlio Araujo;4482549054;1;8
14723332;4;Rafael Ribeiro;4482549055;1;8
14012181;3;Luan Cavalcanti;4482549056;1;8
12719993;3;Nicole Rodrigues;4482549057;1;8
14668750;3;Enzo Ribeiro;4482549058;1;8
14841506;4;Julieta Barbosa;4482549059;1;8
13912449;3;Leonor Alves;4482549060;1;8
13865654;4;Leonardo Dias;4482549061;1;8
12955456;2;Carolina Pinto;4482549062;1;8
11745395;4;Camila Araujo;4482549063;1;8
14650527;1;Breno Santos;4482549064;1;8
15074222;1;Felipe Rodrigues;4482549065;1;8
14882047;1;Eduarda Gomes;4482549066;1;8
14874283;2;Leonor Cardoso;4482549067;1;8
13850276;3;Guilherme Santos;4482549068;1;8
15124746;1;Luiza Fernandes;4482549069;1;8
13913090;3;Ágatha Cunha;4482549070;1;8
14581524;1;Tânia Pinto;4482549071;1;8
15117476;1;Paulo Correia;4482549072;1;8
12230355;3;Guilherme Correia;4482549073;1;8
14761019;2;Carla Ribeiro;4482549074;1;8
15241524;1;Gabrielly Alves;4482549075;1;8
14939284;2;Bruno Oliveira;4482549076;1;8
14939284;1;Joao Goncalves;4482549077;1;8
14897623;2;Bianca Lima;4482549078;1;8
14912901;3;Bruna Sousa;4482549079;1;8
14912901;2;Eduardo Cavalcanti;4482549080;1;8
15014459;1;Gabrielle Almeida;4482549081;1;8
15071483;1;Mateus Cardoso;4482549082;1;8
12968145;2;Antônio Goncalves;4482549083;1;8
15115454;1;Gustavo Alves;4482549084;1;8
15174626;1;Nicolash Ribeiro;4482549085;1;8
13849815;2;Miguel Melo;4482549086;1;8
14925358;2;Fernanda Castro;4482549087;1;8
15076656;1;Erick Azevedo;4482549088;1;8
15000011;2;Miguel Oliveira;4482549089;1;8
15000011;1;Beatrice Castro;4482549090;1;8
12085635;2;Sofia Martins;4482549091;1;8
15123615;1;Igor Azevedo;4482549092;1;8
15122906;1;Igor Gomes;4482549093;1;8
14787725;2;Diego Martins;4482549094;1;8
14958938;3;Isabela Martins;4482549095;1;8
14958938;2;Rafael Alves;4482549096;1;8
15083488;1;Breno Rocha;4482549097;1;8
14668453;1;Larissa Melo;4482549098;1;8
14946842;2;Camila Azevedo;4482549099;1;8
14132849;2;Diego Azevedo;4482549100;1;8
12577813;2;Carla Pinto;4482549101;1;8
15067747;1;Erick Souza;4482549102;1;8
15092729;1;Larissa Pereira;4482549103;1;8
14963839;3;Kauê Almeida;4482549104;1;8
14963839;2;Bruna Gomes;4482549105;1;8
9294646;2;Giovanna Santos;4482549106;1;8
15196579;1;Tomás Carvalho;4482549107;1;8
14680052;2;Murilo Carvalho;4482549108;1;8
14580641;2;Júlia Santos;4482549109;1;8
15076904;1;Luan Sousa;4482549110;1;8
15095284;1;Alex Cavalcanti;4482549111;1;8
14481063;1;João Cavalcanti;4482549112;1;8
14580625;3;Julian Silva;4482549113;1;8
14899868;2;Lucas Barbosa;4482549114;1;8
15236888;1;Vitória Cunha;4482549115;1;8
14616593;4;Kauan Melo;4482549116;1;8
14356539;2;Miguel Fernandes;4482549117;1;8
14356539;1;Luís Alves;4482549118;1;8
14956288;3;Diogo Oliveira;4482549119;1;8
13802053;4;Brenda Ribeiro;4482549120;1;8
13802053;3;Ana Alves;4482549121;1;8
14896526;2;Mateus Sousa;4482549122;1;8
14928857;2;Nicolas Oliveira;4482549123;1;8
14638993;2;Thaís Fernandes;4482549124;1;8
15189939;1;Enzo Rodrigues;4482549125;1;8
14052666;2;Camila Silva;4482549126;1;8
13820063;3;Kauê Silva;4482549127;1;8
13820063;2;Rafaela Sousa;4482549128;1;8
14421648;3;Felipe Pinto;4482549129;1;8
14542419;1;Luiz Dias;4482549130;1;8
14930564;1;Rafaela Martins;4482549131;1;8
14340665;4;Isabela Dias;4482549132;1;8
90018039;0;Maria Melo;4482549133;0;8
12999777;5;Vitór Azevedo;4482549134;1;8
14800759;2;Vitór Castro;4482549135;1;8
15261068;1;Vinicius Correia;4482549136;1;8
15081649;1;Carolina Azevedo;4482549137;1;8
15158116;1;Bruno Pinto;4482549138;1;8
15067960;1;Guilherme Cavalcanti;4482549139;1;8
12050910;2;Luana Ribeiro;4482549140;1;8
14893952;2;Maria Martins;4482549141;1;8
15061120;1;Rebeca Silva;4482549142;1;8
14627574;3;Vitór Pinto;4482549143;1;8
14784771;1;Giovana Carvalho;4482549144;1;8
15287386;1;Luana Pinto;4482549145;1;8
11876042;6;Igor Fernandes;4482549146;1;8
14052518;9;Marina Cardoso;4482549147;0;8
14884050;1;Nicole Oliveira;4482549148;1;8
15161219;1;Thaís Almeida;4482549149;1;8
14581557;1;Felipe Pereira;4482549150;1;8
14481147;1;Larissa Souza;4482549151;1;8
13179940;2;Marisa Fernandes;4482549152;1;8
15198369;1;Júlia Lima;4482549153;1;8
14499560;3;Luiz Barbosa;4482549154;1;8
14569487;4;Igor Silva;4482549155;1;8
15276538;1;Kai Costa;4482549156;1;8
15276538;0;Amanda Cardoso;4482549157;0;8
12896890;3;Emilly Pinto;4482549158;1;8
10967602;2;Julieta Cunha;4482549159;1;8
15067010;1;João Azevedo;4482549160;1;8
14246581;4;Clara Fernandes;4482549161;1;8
14959712;1;Carolina Castro;4482549162;1;8
14934293;1;Felipe Correia;4482549163;1;8
14701734;2;Danilo Cavalcanti;4482549164;1;8
13189915;2;Manuela Araujo;4482549165;1;8
14983571;2;Eduardo Cardoso;4482549166;1;8
15123144;1;Julieta Ribeiro;4482549167;1;8
12514154;1;Vitór Sousa;4482549168;1;8
14879290;1;Martim Cardoso;4482549169;1;8
11804671;5;Emily Azevedo;4482549170;1;8
14925259;1;Joao Araujo;4482549171;1;8
10888857;5;Joao Correia;4482549172;1;8
14625255;3;Kai Souza;4482549173;1;8
10912566;3;Rafaela Souza;4482549174;1;8
14946446;1;Thaís Castro;4482549175;1;8
15275357;1;Júlia Souza;4482549176;1;8
15083447;1;Gabriela Goncalves;4482549177;1;8
13820139;3;Manuela Souza;4482549178;1;8
11445558;2;Eduardo Ferreira;4482549179;1;8
10893816;5;Vitór Cunha;4482549180;1;8
14937973;1;Alex Cavalcanti;4482549181;1;8
14938989;1;Douglas Rodrigues;4482549182;1;8
14710891;1;Julieta Melo;4482549183;1;8
14887376;1;Melissa Barros;4482549184;1;8
14963326;1;Júlia Santos;4482549185;1;8
15176027;1;Thiago Barros;4482549186;1;8
13667357;3;Bruna Alves;4482549187;1;8
15122088;1;Isabelle Cardoso;4482549188;1;8
13865803;3;Thaís Alves;4482549189;1;8
15137003;1;Julia Rodrigues;4482549190;1;8
14803225;3;Gustavo Almeida;4482549191;1;8
15068091;1;Vinicius Pereira;4482549192;1;8
14180160;5;Matilde Santos;4482549193;1;8
14616932;3;Nicole Rodrigues;4482549194;1;8
14616932;2;Caio Castro;4482549195;1;8
14133995;5;Luana Rodrigues;4482549196;1;8
15125024;1;Tiago Rodrigues;4482549197;1;8
14436505;1;Beatrice Barbosa;4482549198;1;8
15031073;1;Bruna Barros;4482549199;1;8
14880132;1;Luís Lima;4482549200;1;8
13861885;3;Martim Goncalves;4482549201;1;8
15122997;1;Emilly Carvalho;4482549202;1;8
14931125;1;Aline Souza;4482549203;1;8
14710503;2;Carlos Ferreira;4482549204;1;8
14616916;5;Tomás Almeida;4482549205;1;8
14616916;3;Letícia Almeida;4482549206;1;8
15123458;1;Fernanda Barbosa;4482549207;1;8
15118698;1;Felipe Dias;4482549208;1;8
14928949;1;Manuela Martins;4482549209;1;8
13345285;3;Clara Alves;4482549210;1;8
13305222;3;Melissa Ferreira;4482549211;1;8
14883144;6;Paulo Gomes;4482549212;1;8
14883144;5;Emilly Correia;4482549213;1;8
15082662;1;Gabrielly Souza;4482549214;1;8
15082662;2;Aline Santos;4482549215;0;8
14576482;1;Nicolas Pereira;4482549216;1;8
14459747;2;Fernanda Correia;4482549217;1;8
11590064;3;Rafaela Carvalho;4482549218;1;8
14884068;1;Julieta Souza;4482549219;1;8
13822911;1;Marisa Alves;4482549220;1;8
13963970;2;Tiago Pinto;4482549221;1;8
14436562;1;Tânia Dias;4482549222;1;8
15118755;1;Carla Oliveira;4482549223;1;8
14946875;2;Clara Araujo;4482549224;1;8
11870813;5;Rebeca Souza;4482549225;1;8
12506242;1;Rodrigo Oliveira;4482549226;1;8
14422281;3;Luan Cunha;4482549227;1;8
14938385;1;Isabela Pinto;4482549228;1;8
14934376;1;Isabella Goncalves;4482549229;1;8
14710529;2;Leila Gomes;4482549230;1;8
14928931;1;Leonor Ribeiro;4482549231;1;8
15321821;1;Camila Costa;4482549232;0;8
14514640;1;Clara Silva;4482549233;1;8
15074156;1;Bruna Rodrigues;4482549234;1;8
14819320;1;Antônio Rocha;4482549235;1;8
14051858;3;Isabelle Ferreira;4482549236;1;8
14932727;1;Pedro Pereira;4482549237;1;8
14930440;3;Vinícius Fernandes;4482549238;1;8
14930440;1;Beatriz Cavalcanti;4482549239;1;8
14874275;1;Manuela Lima;4482549240;1;8
12887527;2;Tânia Costa;4482549241;1;8
14723514;2;Isabela Dias;4482549242;1;8
14639025;1;Julia Melo;4482549243;1;8
15336035;1;José Pereira;4482549244;1;8
15272669;1;Vinícius Ferreira;4482549245;1;8
14593701;1;Kaua Martins;4482549246;1;8
14639561;2;Luiza Pereira;4482549247;1;8
13804448;2;Bianca Martins;4482549248;1;8
13804448;1;Rafael Martins;4482549249;1;8
14850630;3;Alice Almeida;4482549250;1;8
14950422;1;Ryan Silva;4482549251;1;8
14680144;2;Nicolas Carvalho;4482549252;1;8
11672821;3;Leonor Rodrigues;4482549253;1;8
14890438;2;Otávio Lima;4482549254;1;8
14156731;3;Pedro Cavalcanti;4482549255;1;8
14932743;2;Vitór Ribeiro;4482549256;1;8
14932743;1;Enzo Lima;4482549257;1;8
14880579;2;Diogo Oliveira;4482549258;1;8
15105216;1;Luana Costa;4482549259;1;8
14149520;2;Breno Dias;4482549260;1;8
14963318;2;Luan Gomes;4482549261;1;8
14963318;1;Laura Goncalves;4482549262;1;8
15165830;1;Beatriz Silva;4482549263;1;8
15123078;1;Isabelle Ferreira;4482549264;1;8
14864524;2;Miguel Correia;4482549265;1;8
14616130;3;Letícia Almeida;4482549266;1;8
14616130;2;Beatrice Cardoso;4482549267;1;8
13641600;2;Lara Dias;4482549268;1;8
14115315;2;Cauã Lima;4482549269;1;8
14824023;1;Laura Silva;4482549270;1;8
13665021;3;Julieta Almeida;4482549271;1;8
14710933;3;Danilo Santos;4482549272;1;8
13630793;3;Kai Martins;4482549273;1;8
15058779;1;Samuel Cavalcanti;4482549274;1;8
14616221;3;Camila Lima;4482549275;1;8
13615216;2;Clara Pinto;4482549276;1;8
14661888;3;Carla Costa;4482549277;1;8
14973069;2;Isabela Cardoso;4482549278;1;8
14973069;1;Marina Rodrigues;4482549279;1;8
15082993;1;Tiago Araujo;4482549280;1;8
15269517;1;Gabriel Dias;4482549281;1;8
14932776;1;Giovanna Ferreira;4482549282;1;8
14920532;2;Isabela Lima;4482549283;1;8
15335722;1;Renan Dias;4482549284;1;8
12111043;2;Beatrice Ribeiro;4482549285;1;8
15031792;1;Antônio Azevedo;4482549286;1;8
15117682;1;Igor Cavalcanti;4482549287;1;8
15146897;1;João Costa;4482549288;1;8
12697280;4;Vinícius Cavalcanti;4482549289;1;8
15038870;1;Luís Alves;4482549290;1;8
14800825;1;Letícia Oliveira;4482549291;1;8
14340293;4;Fernanda Alves;4482549292;1;8
14757967;3;Carla Gomes;4482549293;1;8
15235070;1;Eduarda Gomes;4482549294;1;8
14052534;2;Carolina Almeida;4482549295;1;8
14884506;1;Kaua Pinto;4482549296;1;8
14637219;3;Fábio Barros;4482549297;1;8
13371380;2;Anna Rocha;4482549298;1;8
15130511;1;Luana Azevedo;4482549299;1;8
13030747;3;Kai Silva;4482549300;1;8
14894208;2;Júlio Rodrigues;4482549301;1;8
14558662;2;Giovana Almeida;4482549302;1;8
15307580;1;Sarah Sousa;4482549303;1;8
15124407;1;Kauan Azevedo;4482549304;1;8
11012168;4;Enzo Dias;4482549305;1;8
14932784;1;Daniel Castro;4482549306;1;8
14946578;3;Vitoria Cunha;4482549307;1;8
14896542;3;Kauan Rodrigues;4482549308;1;8
14831143;2;Guilherme Rodrigues;4482549309;1;8
15250442;1;Julieta Pinto;4482549310;1;9
15157472;1;Vinicius Carvalho;4482549311;1;9
14639678;1;Gabriel Dias;4482549312;1;9
15118797;1;Leonor Oliveira;4482549313;1;9
14892723;3;Rafael Pinto;4482549314;1;9
13461215;2;Vitoria Correia;4482549315;1;9
14943518;2;Igor Cardoso;4482549316;1;9
14846695;1;Daniel Cardoso;4482549317;1;9
15031065;1;Júlia Correia;4482549318;1;9
14894059;3;Lavinia Correia;4482549319;1;9
14894059;2;Beatrice Silva;4482549320;1;9
15070881;1;Camila Rocha;4482549321;1;9
14938963;1;Samuel Souza;4482549322;1;9
14884530;1;Matilde Cunha;4482549323;1;9
14052633;2;Luiz Rodrigues;4482549324;1;9
15105505;1;Murilo Cardoso;4482549325;1;9
14767859;2;Luana Barbosa;4482549326;1;9
11804895;3;Aline Barbosa;4482549327;1;9
14802128;4;Maria Sousa;4482549328;1;9
14932800;1;Melissa Azevedo;4482549329;1;9
12329991;1;Brenda Correia;4482549330;0;9
15289663;1;Julieta Dias;4482549331;1;9
14627749;2;Luiza Cunha;4482549332;1;9
14883524;4;José Almeida;4482549333;1;9
15074180;1;Júlio Souza;4482549334;1;9
15336415;1;Júlia Rodrigues;4482549335;1;9
15164981;1;Sophia Barbosa;4482549336;1;9
14790539;1;Beatrice Dias;4482549337;1;9
14376628;1;Rafael Ribeiro;4482549338;1;9
14970909;2;Marina Carvalho;4482549339;1;9
15273527;1;Rafael Rocha;4482549340;1;9
14680292;1;Eduarda Rocha;4482549341;1;9
14460307;2;Leonardo Oliveira;4482549342;1;9
14925952;1;Luis Carvalho;4482549343;1;9
14627731;3;Vinícius Gomes;4482549344;1;9
13433743;2;Carlos Cardoso;4482549345;1;9
14625271;2;Pedro Alves;4482549346;1;9
15084502;1;Yasmin Almeida;4482549347;1;9
13805254;2;Larissa Barros;4482549348;1;9
13083548;2;Julia Dias;4482549349;1;9
11652922;2;Livia Cunha;4482549350;1;9
14436588;1;Danilo Almeida;4482549351;1;9
14339733;1;Pedro Correia;4482549352;1;9
15292287;1;Gabrielle Ferreira;4482549353;1;9
14052815;2;Laura Lima;4482549354;1;9
14668982;2;Vitória Araujo;4482549355;1;9
15070915;1;Giovana Correia;4482549356;1;9
14913651;2;Bruno Carvalho;4482549357;1;9
14933964;1;Melissa Melo;4482549358;1;9
14481204;1;Julia Barros;4482549359;1;9
14717458;3;Kauê Martins;4482549360;1;9
14841365;1;Lara Ribeiro;4482549361;1;9
14985154;1;Vitór Ferreira;4482549362;1;9
12847208;2;Anna Dias;4482549363;1;9
11277779;4;Paulo Correia;4482549364;1;9
14542526;1;Nicolas Alves;4482549365;1;9
14593917;2;Danilo Pinto;4482549366;1;9
15074396;1;Júlia Barbosa;4482549367;1;9
11736121;3;Davi Costa;4482549368;1;9
14580815;1;Thaís Cavalcanti;4482549369;0;9
14181945;5;Raissa Goncalves;4482549370;1;9
15117377;1;Alice Carvalho;4482549371;1;9
15210479;1;Paulo Souza;4482549372;1;9
14890222;1;Carolina Goncalves;4482549373;1;9
14890222;2;Caio Pereira;4482549374;0;9
14767370;1;José Dias;4482549375;1;9
15085038;1;Carlos Cardoso;4482549376;1;9
15150287;1;Murilo Pereira;4482549377;1;9
13674569;2;Amanda Alves;4482549378;1;9
14758064;6;Rebeca Santos;4482549379;1;9
14758064;5;Cauã Correia;4482549380;1;9
15184351;1;Renan Costa;4482549381;1;9
15184351;9;Cauã Santos;4482549382;0;9
14668917;1;Vitór Ribeiro;4482549383;1;9
14650634;1;Carolina Melo;4482549384;1;9
14946396;1;Breno Carvalho;4482549385;1;9
13805338;2;Arthur Oliveira;4482549386;1;9
14135347;3;Tiago Fernandes;4482549387;1;9
14710917;2;Melissa Souza;4482549388;1;9
13675657;2;Isabella Rodrigues;4482549389;1;9
14435465;3;Tânia Cunha;4482549390;1;9
14901714;2;Mariana Melo;4482549391;1;9
12569331;4;Diego Souza;4482549392;1;9
14352280;3;Mateus Pereira;4482549393;1;9
14650584;1;Giovana Pereira;4482549394;1;9
14422026;4;Ryan Almeida;4482549395;1;9
14758577;3;Kauã Pinto;4482549396;1;9
14466379;3;Yasmin Sousa;4482549397;1;9
14466379;2;Joao Azevedo;4482549398;1;9
15152440;1;Nicole Cardoso;4482549399;1;9
12997391;4;Brenda Fernandes;4482549400;1;9
14616262;2;Bruno Silva;4482549401;1;9
15146756;1;Raissa Rocha;4482549402;1;9
15085335;1;Victor Cavalcanti;4482549403;1;9
14581623;2;Luan Barros;4482549404;1;9
15192297;1;Guilherme Silva;4482549405;1;9
11135712;2;Renan Silva;4482549406;1;9
14896914;2;Eduarda Ferreira;4482549407;1;9
14615611;2;Leonor Ferreira;4482549408;1;9
14881825;4;Mariana Barbosa;4482549409;1;9
12142386;5;Eduarda Azevedo;4482549410;1;9
12142386;4;Douglas Souza;4482549411;1;9
9467929;6;Nicolas Castro;4482549412;1;9
15069073;1;Marcos Martins;4482549413;1;9
14701759;1;Matheus Oliveira;4482549414;1;9
11879467;3;Giovana Rodrigues;4482549415;1;9
13860028;5;Felipe Costa;4482549416;1;9
14944912;2;Sarah Rocha;4482549417;1;9
14944912;1;Miguel Silva;4482549418;1;9
13803432;3;Letícia Dias;4482549419;1;9
13238522;2;Pedro Ribeiro;4482549420;1;9
14999965;1;Luana Silva;4482549421;1;9
12149639;3;Tiago Sousa;4482549422;1;9
50370;2;Sofia Azevedo;4482549423;0;9
14661896;1;Ryan Souza;4482549424;1;9
14914634;1;Enzo Azevedo;4482549425;1;9
14499644;5;Lavinia Barros;4482549426;1;9
14581672;2;Rafael Goncalves;4482549427;1;9
15271430;1;Eduardo Barros;4482549428;1;9
15238116;1;Júlia Ferreira;4482549429;1;9
14954259;2;Victor Fernandes;4482549430;1;9
14760904;2;Cauã Martins;4482549431;1;9
90018035;0;Paulo Goncalves;4482549432;0;9
14934020;1;Júlio Barbosa;4482549433;1;9
15084205;1;Rafaela Costa;4482549434;1;9
13697735;2;Raissa Lima;4482549435;1;9
14155014;6;Ryan Ferreira;4482549436;1;9
14155014;5;Lara Gomes;4482549437;1;9
14930457;3;Matheus Melo;4482549438;1;9
14930457;1;Victor Rocha;4482549439;1;10
12392783;2;Guilherme Alves;4482549440;1;10
14823371;3;Amanda Oliveira;4482549441;1;10
14823371;2;Kaua Ribeiro;4482549442;1;10
14951677;2;Victor Pereira;4482549443;1;10
14035869;4;Anna Pereira;4482549444;1;10
15125099;1;Vitória Carvalho;4482549445;1;10
14882237;1;Kauã Silva;4482549446;1;10
14542609;3;Sarah Correia;4482549447;1;10
14542609;4;Erick Rodrigues;4482549448;1;10
14542823;1;Diogo Pereira;4482549449;1;10
15160765;1;Laura Azevedo;4482549450;1;10
15118979;1;Sophia Ribeiro;4482549451;1;10
14774491;1;Gabriela Dias;4482549452;1;10
10378073;3;Leila Silva;4482549453;1;10
15275316;1;Vitória Fernandes;4482549454;1;10
14627665;4;Luis Carvalho;4482549455;1;10
14903967;2;Lucas Fernandes;4482549456;1;10
14724835;1;André Pereira;4482549457;1;10
14880876;1;Sofia Almeida;4482549458;1;10
14905103;1;Vinícius Rocha;4482549459;1;10
13134234;2;Emilly Costa;4482549460;1;10
10905669;4;Beatriz Ribeiro;4482549461;1;10
10897023;2;Lavinia Martins;4482549462;1;10
13372818;3;Paulo Dias;4482549463;1;10
14052997;2;Vinicius Barbosa;4482549464;1;10
14710958;2;Sarah Rocha;4482549465;1;10
10967776;5;Breno Barbosa;4482549466;1;10
15070519;1;Vitor Almeida;4482549467;1;10
15322688;1;Diego Dias;4482549468;1;10
15288657;2;Murilo Dias;4482549469;1;10
15288657;1;Isabelle Almeida;4482549470;1;10
15150337;1;Lara Costa;4482549471;1;10
14246946;2;Mariana Melo;4482549472;1;10
14904544;2;Clara Ribeiro;4482549473;1;10
13398813;2;Beatrice Oliveira;4482549474;1;10
11974441;2;Guilherme Araujo;4482549475;1;10
11081072;2;Alex Silva;4482549476;1;10
12017141;3;Lavinia Dias;4482549477;1;10
13376462;2;Brenda Azevedo;4482549478;1;10
14052252;2;Lara Sousa;4482549479;1;10
10879674;4;Vitória Lima;4482549480;1;10
14896880;1;Samuel Castro;4482549481;1;10
13826383;3;Beatriz Santos;4482549482;1;10
14892954;1;Kauan Lima;4482549483;1;10
13199195;2;André Sousa;4482549484;1;10
10864908;2;Thaís Fernandes;4482549485;1;10
11593308;5;Bruno Oliveira;4482549486;1;10
14542666;1;Tomás Dias;4482549487;1;10
15074339;1;Tomás Rocha;4482549488;1;10
14661680;3;Manuela Pereira;4482549489;1;10
14889729;2;Carla Pereira;4482549490;1;10
13802525;2;Nicolas Dias;4482549491;1;10
12563375;2;Evelyn Martins;4482549492;1;10
13802111;3;Gabriel Rodrigues;4482549493;1;10
14161301;1;Leonardo Rodrigues;4482549494;0;10
3832979;2;Eduarda Oliveira;4482549495;1;10
13802129;2;Isabelle Ribeiro;4482549496;1;10
14910244;1;Thiago Souza;4482549497;1;10
15072804;1;José Ribeiro;4482549498;1;10
12111142;4;Samuel Araujo;4482549499;1;10
12890471;2;Aline Correia;4482549500;1;10
14542674;2;Sofia Melo;4482549501;1;10
14668826;1;Alice Souza;4482549502;1;10
14903819;2;Luiz Cunha;4482549503;1;10
12569364;5;Kai Martins;4482549504;1;10
14581706;2;Gustavo Costa;4482549505;1;10
10877371;3;Lucas Pereira;4482549506;1;10
15158132;1;Vitória Castro;4482549507;1;10
11876067;5;Leila Oliveira;4482549508;1;10
14052302;2;Manuela Carvalho;4482549509;1;10
14758569;3;Laura Alves;4482549510;1;10
10901346;3;Lucas Oliveira;4482549511;1;10
14627707;1;Victor Sousa;4482549512;1;10
11266970;3;Antônio Rocha;4482549513;1;10
14834451;1;Emilly Pereira;4482549514;1;10
14436653;1;Martim Ribeiro;4482549515;1;10
14834436;2;Samuel Martins;4482549516;1;10
14834436;1;Letícia Azevedo;4482549517;1;10
12046074;4;Maria Pinto;4482549518;1;10
14662969;1;Igor Pinto;4482549519;1;10
14929418;1;Kauê Costa;4482549520;1;10
14616122;2;Melissa Oliveira;4482549521;1;10
15288947;1;Douglas Araujo;4482549522;1;10
15070485;1;Breno Melo;4482549523;1;10
15147291;1;Ryan Cardoso;4482549524;1;10
15049224;1;Matheus Oliveira;4482549525;1;10
15189996;1;Rebeca Oliveira;4482549526;1;10
15137425;1;Kauan Carvalho;4482549527;1;10
15077043;1;Nicolash Correia;4482549528;1;10
14880595;1;Pedro Araujo;4482549529;1;10
14880587;1;Isabela Azevedo;4482549530;1;10
15067739;1;Danilo Almeida;4482549531;1;10
12124715;5;Giovanna Cavalcanti;4482549532;1;10
12992103;3;Paulo Costa;4482549533;0;10
15088495;1;Gustavo Pinto;4482549534;1;10
12733648;3;Bruno Carvalho;4482549535;1;10
14928915;1;Giovana Costa;4482549536;1;10
14879332;1;Maria Ferreira;4482549537;1;10
14882658;2;Gabriel Oliveira;4482549538;1;10
14422315;4;Douglas Rocha;4482549539;1;10
11219292;3;Rodrigo Melo;4482549540;1;10
14661946;1;Lavinia Almeida;4482549541;1;10
13078597;2;Arthur Castro;4482549542;1;10
14913149;1;Eduardo Gomes;4482549543;1;10
14625321;2;Nicolas Ribeiro;4482549544;1;10
15115215;1;Rafael Pinto;4482549545;1;10
14904163;2;Bruno Rocha;4482549546;1;10
14639868;2;Maria Fernandes;4482549547;0;10
15085780;1;Estevan Barbosa;4482549548;1;10
14594444;1;Nicolas Castro;4482549549;1;10
14909345;5;Ana Rocha;4482549550;1;10
14542716;2;Pedro Santos;4482549551;1;10
14594337;1;Rebeca Pereira;4482549552;1;10
15122120;1;Joao Ribeiro;4482549553;1;10
13696786;3;Luan Fernandes;4482549554;1;10
15122161;2;Bianca Cunha;4482549555;0;10
15122161;1;Nicolash Goncalves;4482549556;1;10
15095169;1;Leonardo Santos;4482549557;1;10
14639975;2;Joao Ferreira;4482549558;1;10
15193295;1;Sarah Cunha;4482549559;1;10
11963741;2;Manuela Martins;4482549560;1;10
14944920;2;Luis Ferreira;4482549561;1;10
14944920;1;Clara Alves;4482549562;1;10
15118763;1;Beatriz Cavalcanti;4482549563;1;10
13059050;2;Pedro Rodrigues;4482549564;1;10
13012125;4;Matilde Rocha;4482549565;1;10
13955349;2;Nicolas Alves;4482549566;1;10
14052088;2;Lara Cardoso;4482549567;1;10
15181357;2;Estevan Rocha;4482549568;1;10
10900439;4;Luis Cunha;4482549569;1;10
10898930;5;Manuela Cunha;4482549570;0;10
15067705;1;Melissa Pereira;4482549571;1;10
12077079;2;Eduarda Rocha;4482549572;1;10
15101975;1;Rafael Barros;4482549573;1;10
14680342;3;Alice Souza;4482549574;1;10
15076755;1;Letícia Azevedo;4482549575;1;10
12052361;3;Lucas Carvalho;4482549576;1;10
14900385;2;Fábio Pinto;4482549577;1;10
14946586;1;Ryan Correia;4482549578;1;10
14627822;1;Rafaela Araujo;4482549579;1;10
6642292;5;Isabela Carvalho;4482549580;1;10
14594212;2;Ryan Pereira;4482549581;1;10
11229317;5;André Fernandes;4482549582;1;10
15289424;1;Julieta Silva;4482549583;1;10
15317571;1;Lucas Cardoso;4482549584;1;10
14888465;4;Murilo Oliveira;4482549585;1;10
15081961;1;Bruno Silva;4482549586;1;10
12046157;2;Igor Ribeiro;4482549587;1;10
14436679;1;Igor Ferreira;4482549588;1;10
13027883;2;Alex Cardoso;4482549589;1;10
13983069;4;Isabella Pinto;4482549590;1;10
14946594;2;José Barros;4482549591;1;10
11309515;3;Júlio Rocha;4482549592;1;10
13744842;3;Mateus Barbosa;4482549593;1;10
14915136;2;Carolina Castro;4482549594;1;10
10400984;2;Isabella Araujo;4482549595;1;10
14570329;2;Isabela Lima;4482549596;1;10
13865142;2;Livia Barros;4482549597;1;10
14615777;2;Antônio Dias;4482549598;1;10
15289135;1;Thaís Pinto;4482549599;1;10
13850334;2;Rafael Cardoso;4482549600;1;10
14912802;1;Emily Correia;4482549601;1;10
14053631;2;Tiago Ribeiro;4482549602;1;10
11527173;3;Beatriz Carvalho;4482549603;1;10
13802772;3;Leila Gomes;4482549604;1;10
15085491;1;Rafael Goncalves;4482549605;1;10
13696935;2;Nicolas Cunha;4482549606;1;10
15289549;1;Danilo Oliveira;4482549607;1;10
15068430;1;Paulo Rodrigues;4482549608;1;10
10865525;3;Leila Ribeiro;4482549609;1;10
14919070;1;Leila Martins;4482549610;1;10
13681697;2;Matheus Ferreira;4482549611;1;10
14594550;2;Gabrielly Ribeiro;4482549612;1;10
11593324;2;Felipe Dias;4482549613;1;10
10393502;3;Livia Araujo;4482549614;1;10
14882781;1;Rebeca Barros;4482549615;1;10
13071063;3;Otávio Martins;4482549616;1;10
14914816;2;João Gomes;4482549617;1;10
14958862;2;Thaís Goncalves;4482549618;1;10
14340277;3;Melissa Rodrigues;4482549619;1;10
10918506;9;Marina Goncalves;4482549620;0;10
12186508;4;Bianca Oliveira;4482549621;1;10
